Name,Slug,Collection ID,Item ID,Created On,Updated On,Published On,Release Date,Featured?,Post Summary,Hero Image,Post Body,Aside Image,Aside Text,Aside File Attachment,File Download Button Text,Thumbnail image,Accent Color
15 Best Blogs To Follow About Web Design,15-best-blogs-to-follow-about-web-design,5dbf1b115533471fba8da237,5dbf1ed49bf13e574e5173f4,Sun Nov 03 2019 18:39:16 GMT+0000 (Coordinated Universal Time),Mon Jan 20 2020 14:54:21 GMT+0000 (Coordinated Universal Time),Fri Jan 17 2020 18:37:56 GMT+0000 (Coordinated Universal Time),Sat May 04 2019 01:32:39 GMT+0000 (Coordinated Universal Time),false,"Ut odit quae sed voluptatem consequatur mollitia incidunt quod corrupti.
Aut quo autem.
Velit beatae qui ut vel minima accusamus velit est et.
Vel vel rerum nulla est placeat.
Ea consectetur quod magni.
Animi nesciunt quis aut eius dolorem quia nulla ullam quo.
Vel ",https://uploads-ssl.webflow.com/5dae7f047b316e33f9f69cdb/5dbf1ed05ad64f424e8759b0_1572806351790-image1.jpg,<h2>Sit eum sed corrupti.</h2><p>Est maxime nam consequatur nulla dicta culpa. Veniam repudiandae deserunt consectetur architecto ratione dolorum neque dolores. Amet temporibus voluptatem. Rerum at dolor eligendi qui maiores quisquam repudiandae. Dolorem quos velit sit ut officia.</p><h3>Voluptas qui dolor.</h3><blockquote>Nostrum voluptatem officia voluptas deserunt sint sed nobis voluptates et. Quas harum error nihil repellat et. Minus fugit ipsam deleniti aut minus a voluptates. Consequatur necessitatibus recusandae aut. Minus quia tempore pariatur eum hic quo. Aut praesentium et.</blockquote><p>Non ut aut molestias. Eius hic sed beatae quidem magnam ducimus qui. Autem voluptatem aut sunt unde saepe amet suscipit. Eum dolorem repellat quo odit blanditiis. Aut numquam dolor ipsam est.</p><p>Eum tenetur veritatis. Et accusamus adipisci reiciendis ratione ipsum fuga sed. Voluptatem et voluptatum cumque ut. Voluptas sint itaque sint numquam quod eos. Neque nulla alias.</p>,https://uploads-ssl.webflow.com/5dae7f047b316e33f9f69cdb/5dbf1ed04f3e35039302cc75_1572806351726-image17.jpg,<h2>Neque qui et praesentium ipsum est velit.</h2><p>Ut rerum qui sunt. Debitis accusamus dignissimos facilis velit. Qui necessitatibus est odit nesciunt.</p><h3>Consequatur consequatur reiciendis nemo eos est aut.</h3><blockquote>Debitis assumenda fugiat modi neque recusandae aut tempora in voluptatem. Molestias ea voluptas fuga recusandae aperiam. Corporis veritatis totam.</blockquote><p>Incidunt quam libero in quasi perspiciatis eveniet iusto. Ipsa assumenda fugit explicabo. Eum et repudiandae non voluptas dicta voluptatibus dolore.</p><p>Sed repudiandae quo itaque est aliquid necessitatibus deleniti et. Nobis sunt voluptate laboriosam eum. Aut dolores dignissimos debitis rem aliquam sit cum nesciunt et. Molestias fugit occaecati ab quisquam in aut rerum maxime est. Est velit aliquam. Debitis consequatur cum accusantium et eius doloremque.</p><h2>Minima qui eum.</h2><p>Pariatur quis velit dolores ipsum aut ut. Adipisci non ut quis cum. Porro enim rem. Porro vel non asperiores et voluptas facere ullam.</p><h3>Sed perferendis magnam recusandae eum sint fugiat voluptatem.</h3><blockquote>Asperiores vero et rerum sunt quasi possimus. Quo non commodi. Sit vel iste quis similique iste velit ex doloremque ut. Nihil distinctio ducimus ea beatae.</blockquote><p>Quo in nihil assumenda. Inventore et in aut qui ut aspernatur laboriosam et. Aut eius quibusdam cupiditate omnis.</p><p>Hic perspiciatis tenetur est aliquam. Est eligendi consequuntur. Voluptatem eius placeat explicabo voluptas facilis.</p>,https://uploads-ssl.webflow.com/5dae7f047b316e33f9f69cdb/5dbf1b144f3e35193c02b654_1572805396204-image13.jpg,,https://uploads-ssl.webflow.com/5dae7f047b316e33f9f69cdb/5dbf1ed05ad64ff7858759af_1572806351751-image7.jpg,#00BCD4
How to improve Web Design Process,how-to-improve-web-design-process,5dbf1b115533471fba8da237,5dbf1ed45ad64f2c928759c5,Sun Nov 03 2019 18:39:16 GMT+0000 (Coordinated Universal Time),Sun Nov 03 2019 18:39:16 GMT+0000 (Coordinated Universal Time),Sun Nov 03 2019 18:42:04 GMT+0000 (Coordinated Universal Time),Wed Dec 26 2018 11:57:03 GMT+0000 (Coordinated Universal Time),false,"Eaque qui itaque voluptate repellat qui voluptatem.
Iste vitae fugiat consequatur a id error et architecto error.
Blanditiis odit non.
Ullam sequi in autem qui soluta aut et.
Qui officia debitis repudiandae molestiae facere.
Vero accusamus odio placeat nostrum qui rerum quas qu",https://uploads-ssl.webflow.com/5dae7f047b316e33f9f69cdb/5dbf1b14c2ce78431d5c0955_1572805396251-image6.jpg,<h2>Voluptas est vitae accusantium quisquam aut et ea iste.</h2><p>Atque vel accusamus eaque maxime. Eaque sunt nam. Vitae aut aut sint in aliquam rem minus earum. Saepe tempore sit veritatis aut repudiandae sit recusandae.</p><h3>Cumque cupiditate necessitatibus.</h3><blockquote>Eius quos in consequatur sapiente quis et. Optio ipsam ipsum incidunt est accusantium inventore. Nemo eos commodi dolorem voluptatem non deserunt. Asperiores et earum facere.</blockquote><p>Et eligendi a cumque quo voluptate voluptates. Sit maxime blanditiis et temporibus corporis numquam odit et est. Sit eveniet exercitationem rerum et.</p><p>Pariatur et autem. Iste dolores in in. Eaque nihil quae illum et qui impedit autem laborum. Odio earum adipisci voluptatem aliquid qui.</p><h2>Sed sint fugit aspernatur praesentium doloribus minima ipsa est nulla.</h2><p>Consequatur omnis eos corporis dolorem omnis non doloremque nemo. Itaque est dolor aspernatur eos qui eos enim. Eius impedit numquam perferendis natus.</p><h3>Doloremque tempore ut repudiandae expedita pariatur.</h3><blockquote>Totam ducimus natus ut qui. Quasi esse in aut quia recusandae quia modi aspernatur. Adipisci architecto sunt quos et.</blockquote><p>Repellendus sed quia hic quam aperiam id impedit aut. Modi dolore pariatur praesentium odio voluptas. Laboriosam dolore inventore doloribus impedit et rerum dicta corrupti voluptate. Et quam dicta totam repellat.</p><p>Qui debitis nemo repellendus temporibus corporis illo veniam minus sit. Velit molestiae cupiditate voluptatem quo enim corporis. Facere voluptatibus veritatis atque unde qui non id.</p><h2>Rerum qui non.</h2><p>Eius iure sed odit ullam velit minus fuga. Porro at sit ea ullam quidem sit non provident alias. Dignissimos maxime enim enim temporibus quia odit quo non. Quis praesentium molestiae ullam nemo asperiores molestiae enim. Sequi eos occaecati pariatur. Veniam eum quod.</p><h3>Veniam dolores sed iusto quia et nostrum sequi.</h3><blockquote>Velit magnam amet ex consequatur repellendus labore. Consequatur molestiae autem debitis excepturi. Tenetur aspernatur sit voluptatem dolor nesciunt voluptas laborum dolor. Consequatur consequatur magni rerum neque nulla ut ea consequuntur.</blockquote><p>Delectus soluta et sint officia deleniti magnam eos. Tenetur deleniti ea itaque pariatur quisquam ea quaerat vitae voluptatem. Nobis ullam est sunt eveniet asperiores placeat. Deleniti ad id. Et asperiores ducimus nesciunt.</p><p>Deleniti ea sed nulla natus maxime earum porro earum quos. Voluptas ducimus saepe nulla. Porro repudiandae sit animi reiciendis corrupti ea. Autem nemo adipisci. Voluptates et excepturi sunt sint neque nulla voluptas consequ</p>,https://uploads-ssl.webflow.com/5dae7f047b316e33f9f69cdb/5dbf1ed05ad64f424e8759b0_1572806351790-image1.jpg,<h2>Autem voluptatibus repellendus quibusdam voluptate.</h2><p>Ut recusandae quo iure voluptatem corporis omnis. Sunt quia est. Qui occaecati dolores quis optio.</p><h3>Vel magni aut sit dolorem distinctio totam.</h3><blockquote>Ut est alias atque possimus aut amet harum aut aperiam. Dolorum voluptas totam et nam minus fuga quas. Sed porro magnam consequatur adipisci quo est est rem sint. Eos consequatur itaque voluptate sapiente vel neque est. Omnis eligendi iure vel voluptatem est nesciunt distinctio quia necessitatibus. Eos nisi provident rerum incidunt corrupti beatae autem fuga.</blockquote><p>Autem consequuntur laboriosam omnis et. Ut non est inventore et est. Laudantium aut nihil dolores et libero porro iusto eveniet. Vitae similique et.</p><p>Eveniet pariatur culpa vel. Doloremque eum similique. Id doloribus cum. Distinctio dolor voluptatem sed qui est. Eos praesentium officia minima et aut velit. Sint numquam non mollitia dolores reiciendis voluptatem veniam dignissimos.</p><h2>Deleniti quas optio ea animi.</h2><p>Nemo ut quidem autem earum dolores animi. Ipsam totam dolor inventore quo aut. Consequatur ab sint aspernatur et. Est repellendus aut. Cumque explicabo fuga aut quo quo consequuntur.</p><h3>Qui delectus dolor aut reprehenderit aut illo repudiandae dolorem.</h3><blockquote>Temporibus voluptates cum sit. Aliquid maxime explicabo. Quia excepturi et et nobis dolorum et. Cupiditate laborum minus distinctio fuga. Optio et animi itaque illo repellat nam adipisci. Iste quia et officiis non quaerat.</blockquote><p>Laborum ea aliquam in minima quidem totam itaque. Dignissimos nihil debitis alias in nostrum sit. Sed natus nihil officiis molestiae ut laboriosam. Excepturi sapiente id. Quo qui ut possimus deserunt dolore.</p><p>Sed accusantium omnis. Quae perferendis quo qui fugit consequuntur sunt expedita. Tempora ut quaerat voluptas dolorem magni alias ducimus voluptates.</p><h2>Voluptas debitis nam voluptatum rem delectus aliquid est quod.</h2><p>Necessitatibus sequi et dolore ut illo velit illum. Optio doloribus id deserunt minima illum vel. Laudantium laboriosam rerum atque voluptate. In qui quae quia et aut quia facere sed. Veniam ut debitis non iste. Nihil natus cum eligendi veritatis.</p><h3>Ut neque inventore saepe consectetur quaerat sunt rem facilis asperiores.</h3><blockquote>Et et sed consequuntur ullam doloremque. Consequatur ea et illum. Alias quaerat expedita ipsum.</blockquote><p>Labore iste velit veniam adipisci asperiores similique in. Error odio et sed omnis illum exercitationem molestiae. Accusantium eaque quidem recusandae. Est ipsa veritatis et aperiam neque quia.</p><p>Aut recusandae debitis. Aliquid dolore it</p>,https://uploads-ssl.webflow.com/5dae7f047b316e33f9f69cdb/5dbf1ecf5533479e698db793_1572806351668-image14.jpg,,https://uploads-ssl.webflow.com/5dae7f047b316e33f9f69cdb/5dbf1ed04f3e35039302cc75_1572806351726-image17.jpg,#795548
Walsh Company Opened New Office & PoE Lighting Showroom in Morristown ,walsh-company-opened-new-office-poe-lighting-showroom-in-morristown,5dbf1b115533471fba8da237,5dc970ffe0ea0b82fd4dcd49,Mon Nov 11 2019 14:32:31 GMT+0000 (Coordinated Universal Time),Tue Jan 21 2020 19:26:06 GMT+0000 (Coordinated Universal Time),Tue Jan 21 2020 19:26:19 GMT+0000 (Coordinated Universal Time),Sun Sep 01 2019 21:31:00 GMT+0000 (Coordinated Universal Time),false,"PoE lighting
Walsh Company
General Contractor
Project Management
",https://uploads-ssl.webflow.com/5dae7f047b316e33f9f69cdb/5dc96b8c68f6e08cb6357b09_walsh%20(2).jpg,"<p>Walsh Company is back, </p>",https://uploads-ssl.webflow.com/5dae7f047b316e33f9f69cdb/5dc970f328a9eac46973d3b3_Walsh%20Company.jpg,"<p>Walsh Company, LLC is a multi-service advisory organization that specializes in client representation and project management services. Founded in 2003 by Edward S. Walsh, The Walsh Company has developed into a successful enterprise of highly accomplished professionals headquartered in Morristown. </p><p>Walsh PoE&nbsp;Lighting, division of Walsh Company has a PoE&nbsp;Lighting systems showroom. Please make an appointment to visit &amp;&nbsp;let us show you more.</p>",https://uploads-ssl.webflow.com/5dae7f047b316e33f9f69cdb/5dc970f328a9eac46973d3b3_Walsh%20Company.jpg,,https://uploads-ssl.webflow.com/5dae7f047b316e33f9f69cdb/5dc96b8c68f6e08cb6357b09_walsh%20(2).jpg,
Walsh Company Proclamation,walsh-company-proclamation,5dbf1b115533471fba8da237,5e21fefdcb5461532420925e,Fri Jan 17 2020 18:37:49 GMT+0000 (Coordinated Universal Time),Mon Jan 20 2020 14:56:35 GMT+0000 (Coordinated Universal Time),Mon Jan 20 2020 14:56:39 GMT+0000 (Coordinated Universal Time),Tue Nov 19 2019 20:30:00 GMT+0000 (Coordinated Universal Time),true,"Walsh Company and Walsh PoE Lighting have proudly opened their new showroom and office space in Morristown, NJ at 22 Speedwell Ave. This is the second time that Walsh Company has had its office headquartered in Morristown. ",https://uploads-ssl.webflow.com/5dae7f047b316e33f9f69cdb/5e21fef44b44cac0745e95b7_Walsh%20Company%20Proclamation.png,"<p>Walsh Company and Walsh PoE Lighting have proudly opened their new showroom and office space in Morristown, NJ at 22 Speedwell Ave. This is the second time that Walsh Company has had its office headquartered in Morristown. </p><p>Originally established in 2003 with seven employees, the company developed into a successful firm that steadily grew to 60 employees becoming a strong partner in the Morristown community. In 2012 the Walsh Company sold and remained based in Morristown till 2017. &nbsp;Currently, Mr.Walsh’s vision to relaunch Walsh Company and launch Walsh PoE Lighting is now official. With 15 employees and room to grow the office proudly holds New Jersey’s first PoE lighting showroom. </p><p>As project specialists in development, project management, and construction management, Walsh Company understands the full range of challenges involved throughout the project process. Drawing on the teams extensive knowledge and expertise, they are able to execute all phases of their clients' projects from start to finish.</p><p>Some current projects include the New Jersey Hall of Fame, Kearny Shopping Center, NJ Urology, Jacobs Levy, Vincent House at Delbarton,and Newmark Knight Frank office Headquarters.</p><p>Founder and President, Edward S. Walsh, is very excited about the new venture and looks forward to continued success in Morristown.</p>",https://uploads-ssl.webflow.com/5dae7f047b316e33f9f69cdb/5e21fef44b44cac0745e95b7_Walsh%20Company%20Proclamation.png,,,,https://uploads-ssl.webflow.com/5dae7f047b316e33f9f69cdb/5e21fef44b44cac0745e95b7_Walsh%20Company%20Proclamation.png,
